order_id,customer_id,product_id,quantity,price,order_date,store_id,lat,lng,weather,description,temp,pressure,humidity
2334,5,40,3,35.6,2022-06-21,19,40.9251,-152.9542,Clouds,overcast clouds,286.23,1031,100
6228,8,13,7,36.52,2023-03-08,15,86.6064,-20.3665,Clouds,broken clouds,265.9,1018,85
7784,9,44,4,46.56,2023-04-22,12,-84.197,-45.489,Clouds,few clouds,236.31,999,68
6588,5,26,1,15.87,2022-10-23,13,-9.2137,-86.6914,Clouds,overcast clouds,295.86,1018,71
5910,8,32,10,77.0,2022-10-05,1,-78.5933,93.505,Clouds,overcast clouds,215.44,1036,100
3983,3,11,4,85.04,2022-11-25,16,-41.3832,125.4656,Clouds,broken clouds,287.54,1020,87
9464,10,15,6,45.41,2023-03-25,15,86.6064,-20.3665,Clouds,broken clouds,265.9,1018,85
8272,9,11,1,71.7,2022-09-10,12,-84.197,-45.489,Clouds,few clouds,236.31,999,68
3569,5,47,9,19.35,2023-05-25,7,32.8998,-163.9539,Clouds,overcast clouds,291.78,1022,93
2997,7,49,1,39.54,2022-08-09,14,87.8373,160.6379,Snow,light snow,272.76,1009,95
4237,8,10,5,47.66,2022-10-19,7,32.8998,-163.9539,Clouds,overcast clouds,291.78,1022,93
4010,7,40,1,30.73,2023-04-22,5,-39.4635,-98.7128,Rain,light rain,286.4,1010,87
3760,4,30,4,84.08,2023-03-09,19,40.9251,-152.9542,Clouds,overcast clouds,286.23,1031,100
1098,9,46,2,26.31,2022-07-11,5,-39.4635,-98.7128,Rain,light rain,286.4,1010,87
4018,1,20,4,36.85,2022-06-18,9,10.1523,39.1792,Clouds,overcast clouds,298.67,1009,30
5427,7,17,10,23.25,2022-11-05,14,87.8373,160.6379,Snow,light snow,272.76,1009,95
4837,10,11,9,74.71,2023-01-14,10,11.4336,141.551,Clouds,overcast clouds,301.49,1010,83
5200,5,50,6,82.12,2023-02-28,3,-10.3766,173.8647,Clouds,broken clouds,302.19,1009,75
4388,10,32,6,76.36,2022-07-23,17,30.1088,-36.0164,Rain,light rain,295.84,1020,83
9042,9,5,3,95.74,2022-09-16,4,-60.3235,-113.7356,Clouds,overcast clouds,277.83,996,87
9685,9,40,10,99.72,2023-02-19,1,-78.5933,93.505,Clouds,overcast clouds,215.44,1036,100
3188,10,24,7,20.37,2022-09-20,4,-60.3235,-113.7356,Clouds,overcast clouds,277.83,996,87
8712,2,50,3,76.8,2022-07-22,12,-84.197,-45.489,Clouds,few clouds,236.31,999,68
4898,3,9,7,15.84,2022-06-28,11,89.3796,-164.1617,Clouds,overcast clouds,270.42,1013,94
8716,3,11,2,51.09,2022-11-16,2,-86.0672,-20.3321,Clouds,scattered clouds,224.39,1017,88
9863,9,17,8,67.2,2022-11-24,2,-86.0672,-20.3321,Clouds,scattered clouds,224.39,1017,88
9728,3,9,8,61.04,2022-12-16,3,-10.3766,173.8647,Clouds,broken clouds,302.19,1009,75
3810,9,6,1,80.49,2022-07-16,8,-8.3606,-63.3137,Clear,clear sky,306.81,1013,50
1589,5,10,1,96.94,2023-01-05,13,-9.2137,-86.6914,Clouds,overcast clouds,295.86,1018,71
1558,9,20,2,10.85,2022-12-21,10,11.4336,141.551,Clouds,overcast clouds,301.49,1010,83
3228,8,25,4,81.38,2022-09-20,17,30.1088,-36.0164,Rain,light rain,295.84,1020,83
2363,3,30,5,20.69,2023-04-28,9,10.1523,39.1792,Clouds,overcast clouds,298.67,1009,30
8078,6,34,3,56.94,2023-02-23,11,89.3796,-164.1617,Clouds,overcast clouds,270.42,1013,94
3720,10,48,7,84.4,2022-06-18,10,11.4336,141.551,Clouds,overcast clouds,301.49,1010,83
2060,3,31,9,13.09,2022-09-01,6,-87.5366,111.7075,Clouds,overcast clouds,216.39,1035,100
1993,3,19,4,59.11,2022-12-03,13,-9.2137,-86.6914,Clouds,overcast clouds,295.86,1018,71
2114,7,11,3,97.24,2022-08-15,2,-86.0672,-20.3321,Clouds,scattered clouds,224.39,1017,88
8337,9,27,8,41.83,2022-11-04,2,-86.0672,-20.3321,Clouds,scattered clouds,224.39,1017,88
7231,1,38,7,95.54,2023-05-31,2,-86.0672,-20.3321,Clouds,scattered clouds,224.39,1017,88
2741,4,11,7,71.26,2022-10-23,15,86.6064,-20.3665,Clouds,broken clouds,265.9,1018,85
9362,4,38,7,18.92,2023-04-01,16,-41.3832,125.4656,Clouds,broken clouds,287.54,1020,87
1131,5,28,10,87.52,2022-07-02,17,30.1088,-36.0164,Rain,light rain,295.84,1020,83
7106,10,12,5,87.79,2022-11-23,13,-9.2137,-86.6914,Clouds,overcast clouds,295.86,1018,71
7370,8,23,3,31.98,2022-11-01,2,-86.0672,-20.3321,Clouds,scattered clouds,224.39,1017,88
8994,1,41,2,94.41,2022-07-13,13,-9.2137,-86.6914,Clouds,overcast clouds,295.86,1018,71
7396,4,36,4,11.7,2023-05-08,17,30.1088,-36.0164,Rain,light rain,295.84,1020,83
5994,8,26,1,25.63,2022-07-17,15,86.6064,-20.3665,Clouds,broken clouds,265.9,1018,85
9841,10,23,5,35.88,2022-11-29,2,-86.0672,-20.3321,Clouds,scattered clouds,224.39,1017,88
6998,5,23,4,84.19,2023-02-15,17,30.1088,-36.0164,Rain,light rain,295.84,1020,83
9481,9,8,10,97.99,2022-06-04,1,-78.5933,93.505,Clouds,overcast clouds,215.44,1036,100
2278,4,10,4,68.22,2023-05-06,19,40.9251,-152.9542,Clouds,overcast clouds,286.23,1031,100
3195,7,4,10,21.62,2022-07-28,15,86.6064,-20.3665,Clouds,broken clouds,265.9,1018,85
2467,8,3,2,40.79,2023-03-16,19,40.9251,-152.9542,Clouds,overcast clouds,286.23,1031,100
1664,10,29,8,30.38,2023-02-13,16,-41.3832,125.4656,Clouds,broken clouds,287.54,1020,87
3438,2,37,7,37.78,2022-09-10,19,40.9251,-152.9542,Clouds,overcast clouds,286.23,1031,100
6495,2,29,5,81.89,2023-02-26,6,-87.5366,111.7075,Clouds,overcast clouds,216.39,1035,100
2870,2,1,6,53.66,2023-02-06,4,-60.3235,-113.7356,Clouds,overcast clouds,277.83,996,87
7029,9,29,3,68.48,2022-10-28,20,-74.5263,151.0358,Clouds,overcast clouds,229.97,999,98
6946,5,47,9,53.75,2023-02-11,2,-86.0672,-20.3321,Clouds,scattered clouds,224.39,1017,88
4032,10,1,2,18.63,2023-05-24,8,-8.3606,-63.3137,Clear,clear sky,306.81,1013,50
4769,8,20,10,99.15,2023-04-01,17,30.1088,-36.0164,Rain,light rain,295.84,1020,83
9065,8,1,2,29.32,2023-02-15,8,-8.3606,-63.3137,Clear,clear sky,306.81,1013,50
8121,3,19,8,79.58,2022-12-13,2,-86.0672,-20.3321,Clouds,scattered clouds,224.39,1017,88
1509,8,29,9,61.11,2022-10-18,7,32.8998,-163.9539,Clouds,overcast clouds,291.78,1022,93
2036,4,42,9,32.51,2023-03-23,4,-60.3235,-113.7356,Clouds,overcast clouds,277.83,996,87
2254,2,37,7,72.7,2022-09-19,2,-86.0672,-20.3321,Clouds,scattered clouds,224.39,1017,88
4683,5,33,7,58.24,2022-12-07,13,-9.2137,-86.6914,Clouds,overcast clouds,295.86,1018,71
7902,6,44,10,55.25,2023-04-13,4,-60.3235,-113.7356,Clouds,overcast clouds,277.83,996,87
4918,4,20,7,76.76,2022-06-12,20,-74.5263,151.0358,Clouds,overcast clouds,229.97,999,98
2739,8,18,5,63.47,2022-09-17,3,-10.3766,173.8647,Clouds,broken clouds,302.19,1009,75
4003,9,11,9,90.44,2023-04-06,4,-60.3235,-113.7356,Clouds,overcast clouds,277.83,996,87
9071,2,36,9,33.97,2023-04-11,3,-10.3766,173.8647,Clouds,broken clouds,302.19,1009,75
3361,1,26,8,82.75,2023-05-04,4,-60.3235,-113.7356,Clouds,overcast clouds,277.83,996,87
9844,3,22,4,91.52,2023-03-28,8,-8.3606,-63.3137,Clear,clear sky,306.81,1013,50
9983,9,8,9,98.42,2022-10-21,2,-86.0672,-20.3321,Clouds,scattered clouds,224.39,1017,88
6648,6,47,4,41.7,2022-11-05,14,87.8373,160.6379,Snow,light snow,272.76,1009,95
2011,8,22,3,49.88,2023-05-26,14,87.8373,160.6379,Snow,light snow,272.76,1009,95
6270,10,36,5,96.07,2022-11-06,15,86.6064,-20.3665,Clouds,broken clouds,265.9,1018,85
5099,3,11,2,14.38,2022-10-09,11,89.3796,-164.1617,Clouds,overcast clouds,270.42,1013,94
3578,1,10,3,73.61,2023-04-24,20,-74.5263,151.0358,Clouds,overcast clouds,229.97,999,98
7968,5,47,1,21.08,2023-02-25,20,-74.5263,151.0358,Clouds,overcast clouds,229.97,999,98
6437,3,45,7,36.37,2022-12-21,8,-8.3606,-63.3137,Clear,clear sky,306.81,1013,50
4739,3,21,6,25.78,2023-01-29,14,87.8373,160.6379,Snow,light snow,272.76,1009,95
7506,5,22,2,61.08,2023-04-23,13,-9.2137,-86.6914,Clouds,overcast clouds,295.86,1018,71
8312,2,27,9,36.15,2022-08-24,12,-84.197,-45.489,Clouds,few clouds,236.31,999,68
8304,10,24,5,48.25,2022-06-06,16,-41.3832,125.4656,Clouds,broken clouds,287.54,1020,87
2335,5,34,10,54.98,2023-01-11,8,-8.3606,-63.3137,Clear,clear sky,306.81,1013,50
3585,2,20,5,30.16,2023-05-25,16,-41.3832,125.4656,Clouds,broken clouds,287.54,1020,87
8051,8,20,9,57.28,2023-02-17,19,40.9251,-152.9542,Clouds,overcast clouds,286.23,1031,100
5045,1,25,2,14.48,2022-06-12,5,-39.4635,-98.7128,Rain,light rain,286.4,1010,87
1747,6,10,9,34.54,2022-06-23,1,-78.5933,93.505,Clouds,overcast clouds,215.44,1036,100
1849,4,39,10,92.11,2023-03-26,5,-39.4635,-98.7128,Rain,light rain,286.4,1010,87
3553,1,4,7,94.45,2022-10-28,2,-86.0672,-20.3321,Clouds,scattered clouds,224.39,1017,88
6475,9,25,2,12.59,2022-09-04,20,-74.5263,151.0358,Clouds,overcast clouds,229.97,999,98
7232,6,31,1,47.4,2023-03-24,8,-8.3606,-63.3137,Clear,clear sky,306.81,1013,50
2266,10,43,5,39.12,2022-06-30,10,11.4336,141.551,Clouds,overcast clouds,301.49,1010,83
1257,10,21,4,83.76,2023-02-09,2,-86.0672,-20.3321,Clouds,scattered clouds,224.39,1017,88
5720,2,36,6,35.57,2022-09-20,6,-87.5366,111.7075,Clouds,overcast clouds,216.39,1035,100
4897,9,49,2,85.9,2022-10-05,12,-84.197,-45.489,Clouds,few clouds,236.31,999,68
7446,10,29,3,36.79,2022-07-25,18,7.8359,-139.5452,Rain,light rain,300.28,1012,85
9237,10,21,4,97.81,2022-08-17,9,10.1523,39.1792,Clouds,overcast clouds,298.67,1009,30
8344,4,12,8,75.35,2022-09-30,11,89.3796,-164.1617,Clouds,overcast clouds,270.42,1013,94
3317,3,32,1,63.8,2023-06-01,13,-9.2137,-86.6914,Clouds,overcast clouds,295.86,1018,71
7894,1,49,8,89.78,2023-01-14,20,-74.5263,151.0358,Clouds,overcast clouds,229.97,999,98
8282,6,25,2,34.14,2023-03-14,12,-84.197,-45.489,Clouds,few clouds,236.31,999,68
9720,1,32,3,18.8,2022-12-27,5,-39.4635,-98.7128,Rain,light rain,286.4,1010,87
9881,7,41,7,81.27,2023-02-25,3,-10.3766,173.8647,Clouds,broken clouds,302.19,1009,75
9003,2,26,2,68.11,2022-06-28,10,11.4336,141.551,Clouds,overcast clouds,301.49,1010,83
4847,9,33,3,72.79,2022-08-30,14,87.8373,160.6379,Snow,light snow,272.76,1009,95
8947,7,7,2,11.97,2022-12-30,8,-8.3606,-63.3137,Clear,clear sky,306.81,1013,50
6906,2,37,7,47.08,2023-04-09,13,-9.2137,-86.6914,Clouds,overcast clouds,295.86,1018,71
1940,9,13,10,76.01,2023-01-29,8,-8.3606,-63.3137,Clear,clear sky,306.81,1013,50
5870,5,41,8,29.89,2023-01-24,11,89.3796,-164.1617,Clouds,overcast clouds,270.42,1013,94
3898,3,26,3,34.53,2022-07-09,19,40.9251,-152.9542,Clouds,overcast clouds,286.23,1031,100
1357,6,18,10,44.32,2023-03-16,9,10.1523,39.1792,Clouds,overcast clouds,298.67,1009,30
7427,4,1,8,29.36,2022-12-25,19,40.9251,-152.9542,Clouds,overcast clouds,286.23,1031,100
1942,7,20,5,85.26,2022-08-22,20,-74.5263,151.0358,Clouds,overcast clouds,229.97,999,98
8884,1,5,7,61.65,2022-09-19,20,-74.5263,151.0358,Clouds,overcast clouds,229.97,999,98
7191,10,24,9,35.04,2023-05-22,20,-74.5263,151.0358,Clouds,overcast clouds,229.97,999,98
4811,4,1,1,38.15,2023-01-25,6,-87.5366,111.7075,Clouds,overcast clouds,216.39,1035,100
6105,5,47,2,44.45,2023-03-07,14,87.8373,160.6379,Snow,light snow,272.76,1009,95
7430,3,31,5,39.05,2023-01-07,18,7.8359,-139.5452,Rain,light rain,300.28,1012,85
8137,7,21,5,46.17,2023-03-20,20,-74.5263,151.0358,Clouds,overcast clouds,229.97,999,98
5425,9,17,8,86.03,2022-10-29,19,40.9251,-152.9542,Clouds,overcast clouds,286.23,1031,100
5862,5,14,2,29.35,2022-12-12,15,86.6064,-20.3665,Clouds,broken clouds,265.9,1018,85
2975,9,39,3,57.33,2022-09-04,20,-74.5263,151.0358,Clouds,overcast clouds,229.97,999,98
9204,4,39,2,82.44,2023-04-21,13,-9.2137,-86.6914,Clouds,overcast clouds,295.86,1018,71
8426,5,35,6,33.38,2023-05-18,20,-74.5263,151.0358,Clouds,overcast clouds,229.97,999,98
7587,8,34,2,28.72,2022-10-10,8,-8.3606,-63.3137,Clear,clear sky,306.81,1013,50
2422,6,9,6,15.26,2022-08-04,12,-84.197,-45.489,Clouds,few clouds,236.31,999,68
4245,1,23,7,66.64,2023-03-16,20,-74.5263,151.0358,Clouds,overcast clouds,229.97,999,98
7154,10,15,6,85.65,2023-05-11,10,11.4336,141.551,Clouds,overcast clouds,301.49,1010,83
5332,8,20,1,31.5,2023-05-31,1,-78.5933,93.505,Clouds,overcast clouds,215.44,1036,100
6104,10,49,4,23.96,2022-11-10,14,87.8373,160.6379,Snow,light snow,272.76,1009,95
1804,7,40,9,80.34,2022-10-08,12,-84.197,-45.489,Clouds,few clouds,236.31,999,68
8879,5,23,3,14.41,2022-11-13,6,-87.5366,111.7075,Clouds,overcast clouds,216.39,1035,100
5405,10,20,5,53.29,2023-03-22,11,89.3796,-164.1617,Clouds,overcast clouds,270.42,1013,94
8221,1,2,4,83.49,2023-01-15,6,-87.5366,111.7075,Clouds,overcast clouds,216.39,1035,100
7538,6,18,7,34.05,2023-02-18,20,-74.5263,151.0358,Clouds,overcast clouds,229.97,999,98
9219,7,45,4,13.08,2022-09-23,18,7.8359,-139.5452,Rain,light rain,300.28,1012,85
8886,6,48,9,43.14,2023-02-19,5,-39.4635,-98.7128,Rain,light rain,286.4,1010,87
1338,6,49,5,39.71,2022-12-26,14,87.8373,160.6379,Snow,light snow,272.76,1009,95
2626,6,12,9,51.36,2023-03-11,6,-87.5366,111.7075,Clouds,overcast clouds,216.39,1035,100
9387,2,46,4,39.21,2022-11-17,14,87.8373,160.6379,Snow,light snow,272.76,1009,95
7123,2,12,4,72.37,2022-12-18,17,30.1088,-36.0164,Rain,light rain,295.84,1020,83
3695,2,50,3,32.78,2022-11-29,11,89.3796,-164.1617,Clouds,overcast clouds,270.42,1013,94
1495,4,48,9,43.19,2022-09-21,20,-74.5263,151.0358,Clouds,overcast clouds,229.97,999,98
7928,6,47,7,19.11,2022-06-14,5,-39.4635,-98.7128,Rain,light rain,286.4,1010,87
4234,10,14,10,71.44,2023-04-01,19,40.9251,-152.9542,Clouds,overcast clouds,286.23,1031,100
7139,10,12,3,18.0,2022-08-16,7,32.8998,-163.9539,Clouds,overcast clouds,291.78,1022,93
3495,9,36,10,48.31,2022-12-26,17,30.1088,-36.0164,Rain,light rain,295.84,1020,83
7346,6,34,1,56.78,2023-01-26,16,-41.3832,125.4656,Clouds,broken clouds,287.54,1020,87
3214,5,34,8,17.92,2023-04-03,9,10.1523,39.1792,Clouds,overcast clouds,298.67,1009,30
5912,4,12,6,26.95,2022-10-21,14,87.8373,160.6379,Snow,light snow,272.76,1009,95
6321,4,36,8,74.19,2022-08-16,20,-74.5263,151.0358,Clouds,overcast clouds,229.97,999,98
2657,4,48,9,60.19,2022-08-17,1,-78.5933,93.505,Clouds,overcast clouds,215.44,1036,100
5334,9,34,1,97.86,2023-01-26,3,-10.3766,173.8647,Clouds,broken clouds,302.19,1009,75
5220,1,48,7,49.9,2022-11-19,8,-8.3606,-63.3137,Clear,clear sky,306.81,1013,50
9525,7,31,4,52.6,2022-08-28,4,-60.3235,-113.7356,Clouds,overcast clouds,277.83,996,87
3700,9,39,2,37.33,2023-01-13,19,40.9251,-152.9542,Clouds,overcast clouds,286.23,1031,100
5952,9,36,4,11.77,2022-12-01,11,89.3796,-164.1617,Clouds,overcast clouds,270.42,1013,94
2794,6,8,6,36.03,2023-02-27,3,-10.3766,173.8647,Clouds,broken clouds,302.19,1009,75
1439,6,17,5,26.48,2022-07-19,9,10.1523,39.1792,Clouds,overcast clouds,298.67,1009,30
9486,6,14,9,67.52,2022-09-05,1,-78.5933,93.505,Clouds,overcast clouds,215.44,1036,100
8386,9,10,10,16.27,2023-04-08,20,-74.5263,151.0358,Clouds,overcast clouds,229.97,999,98
3111,4,24,6,84.74,2023-05-28,8,-8.3606,-63.3137,Clear,clear sky,306.81,1013,50
3692,1,6,3,21.88,2022-10-16,10,11.4336,141.551,Clouds,overcast clouds,301.49,1010,83
5215,5,10,5,64.85,2022-06-20,7,32.8998,-163.9539,Clouds,overcast clouds,291.78,1022,93
3602,5,26,10,50.25,2022-12-08,12,-84.197,-45.489,Clouds,few clouds,236.31,999,68
1012,9,6,6,29.16,2022-07-28,4,-60.3235,-113.7356,Clouds,overcast clouds,277.83,996,87
5518,6,21,6,84.06,2022-12-18,13,-9.2137,-86.6914,Clouds,overcast clouds,295.86,1018,71
2973,3,45,1,51.48,2022-10-06,10,11.4336,141.551,Clouds,overcast clouds,301.49,1010,83
2859,3,36,7,98.95,2023-02-20,5,-39.4635,-98.7128,Rain,light rain,286.4,1010,87
3959,3,7,5,94.52,2023-04-25,9,10.1523,39.1792,Clouds,overcast clouds,298.67,1009,30
2879,4,15,3,60.53,2023-05-12,19,40.9251,-152.9542,Clouds,overcast clouds,286.23,1031,100
2991,6,25,7,71.18,2023-01-22,15,86.6064,-20.3665,Clouds,broken clouds,265.9,1018,85
9992,7,42,2,95.94,2022-09-16,6,-87.5366,111.7075,Clouds,overcast clouds,216.39,1035,100
8063,3,19,5,69.0,2022-06-30,11,89.3796,-164.1617,Clouds,overcast clouds,270.42,1013,94
6576,1,12,10,41.01,2023-04-26,12,-84.197,-45.489,Clouds,few clouds,236.31,999,68
3738,5,21,3,44.33,2023-02-21,4,-60.3235,-113.7356,Clouds,overcast clouds,277.83,996,87
3439,10,27,7,15.31,2022-08-12,18,7.8359,-139.5452,Rain,light rain,300.28,1012,85
3073,2,28,7,33.16,2022-08-21,2,-86.0672,-20.3321,Clouds,scattered clouds,224.39,1017,88
2718,10,13,6,49.55,2023-02-06,2,-86.0672,-20.3321,Clouds,scattered clouds,224.39,1017,88
6518,5,10,3,84.88,2022-11-21,15,86.6064,-20.3665,Clouds,broken clouds,265.9,1018,85
7341,10,28,8,88.8,2022-06-17,10,11.4336,141.551,Clouds,overcast clouds,301.49,1010,83
6003,10,43,5,49.27,2022-07-12,1,-78.5933,93.505,Clouds,overcast clouds,215.44,1036,100
9779,2,12,7,63.21,2023-05-08,20,-74.5263,151.0358,Clouds,overcast clouds,229.97,999,98
2669,1,38,4,32.73,2023-03-06,15,86.6064,-20.3665,Clouds,broken clouds,265.9,1018,85
8378,7,24,8,72.65,2022-12-07,9,10.1523,39.1792,Clouds,overcast clouds,298.67,1009,30
5738,10,46,4,50.34,2022-12-27,18,7.8359,-139.5452,Rain,light rain,300.28,1012,85
5857,8,4,5,53.81,2023-03-13,15,86.6064,-20.3665,Clouds,broken clouds,265.9,1018,85
4495,3,27,10,13.88,2023-05-29,4,-60.3235,-113.7356,Clouds,overcast clouds,277.83,996,87
9363,4,17,9,46.37,2022-08-04,12,-84.197,-45.489,Clouds,few clouds,236.31,999,68
6249,3,17,5,24.56,2022-09-01,17,30.1088,-36.0164,Rain,light rain,295.84,1020,83
3525,9,30,1,72.61,2023-05-12,16,-41.3832,125.4656,Clouds,broken clouds,287.54,1020,87
2867,2,22,4,76.39,2023-02-28,12,-84.197,-45.489,Clouds,few clouds,236.31,999,68
1855,3,13,4,22.39,2022-09-07,4,-60.3235,-113.7356,Clouds,overcast clouds,277.83,996,87
5062,10,35,7,58.42,2022-06-17,1,-78.5933,93.505,Clouds,overcast clouds,215.44,1036,100
3654,8,40,5,93.4,2023-04-16,3,-10.3766,173.8647,Clouds,broken clouds,302.19,1009,75
6837,3,15,4,80.06,2022-09-12,7,32.8998,-163.9539,Clouds,overcast clouds,291.78,1022,93
1790,5,30,3,71.28,2022-09-28,10,11.4336,141.551,Clouds,overcast clouds,301.49,1010,83
1976,1,27,3,86.04,2023-04-14,4,-60.3235,-113.7356,Clouds,overcast clouds,277.83,996,87
2857,8,46,4,19.93,2022-10-27,7,32.8998,-163.9539,Clouds,overcast clouds,291.78,1022,93
4705,7,23,3,21.73,2023-04-04,16,-41.3832,125.4656,Clouds,broken clouds,287.54,1020,87
9307,2,3,10,81.04,2022-12-01,17,30.1088,-36.0164,Rain,light rain,295.84,1020,83
7972,7,30,10,83.7,2022-07-24,9,10.1523,39.1792,Clouds,overcast clouds,298.67,1009,30
1492,3,1,2,92.75,2022-11-29,7,32.8998,-163.9539,Clouds,overcast clouds,291.78,1022,93
6858,6,32,5,73.85,2022-10-10,6,-87.5366,111.7075,Clouds,overcast clouds,216.39,1035,100
1127,7,12,7,25.34,2023-04-25,5,-39.4635,-98.7128,Rain,light rain,286.4,1010,87
6320,10,43,8,44.96,2022-06-10,14,87.8373,160.6379,Snow,light snow,272.76,1009,95
9528,4,16,7,25.12,2022-12-12,2,-86.0672,-20.3321,Clouds,scattered clouds,224.39,1017,88
3139,5,1,6,37.99,2023-03-27,16,-41.3832,125.4656,Clouds,broken clouds,287.54,1020,87
8118,2,36,8,98.15,2022-12-28,16,-41.3832,125.4656,Clouds,broken clouds,287.54,1020,87
6314,7,34,10,81.36,2022-10-11,5,-39.4635,-98.7128,Rain,light rain,286.4,1010,87
7004,5,1,8,12.96,2022-08-29,3,-10.3766,173.8647,Clouds,broken clouds,302.19,1009,75
1651,8,18,7,95.79,2023-01-30,5,-39.4635,-98.7128,Rain,light rain,286.4,1010,87
1493,10,16,4,29.64,2022-06-26,20,-74.5263,151.0358,Clouds,overcast clouds,229.97,999,98
8805,1,45,8,61.76,2022-09-12,14,87.8373,160.6379,Snow,light snow,272.76,1009,95
5313,7,11,6,38.73,2023-04-17,12,-84.197,-45.489,Clouds,few clouds,236.31,999,68
8012,4,26,5,31.83,2022-06-22,5,-39.4635,-98.7128,Rain,light rain,286.4,1010,87
4273,4,35,10,69.5,2022-12-18,5,-39.4635,-98.7128,Rain,light rain,286.4,1010,87
4970,10,14,10,75.2,2023-01-16,7,32.8998,-163.9539,Clouds,overcast clouds,291.78,1022,93
7118,5,25,1,76.14,2022-12-06,16,-41.3832,125.4656,Clouds,broken clouds,287.54,1020,87
5307,5,3,7,51.98,2022-09-01,15,86.6064,-20.3665,Clouds,broken clouds,265.9,1018,85
8310,5,37,10,79.35,2023-02-07,9,10.1523,39.1792,Clouds,overcast clouds,298.67,1009,30
6643,6,34,5,16.68,2023-02-22,2,-86.0672,-20.3321,Clouds,scattered clouds,224.39,1017,88
3405,2,30,5,87.77,2022-09-05,9,10.1523,39.1792,Clouds,overcast clouds,298.67,1009,30
5967,2,42,3,73.77,2022-12-18,12,-84.197,-45.489,Clouds,few clouds,236.31,999,68
7567,10,35,8,79.39,2022-08-11,2,-86.0672,-20.3321,Clouds,scattered clouds,224.39,1017,88
4272,6,49,10,39.29,2023-04-13,2,-86.0672,-20.3321,Clouds,scattered clouds,224.39,1017,88
3130,3,43,7,85.9,2023-04-21,2,-86.0672,-20.3321,Clouds,scattered clouds,224.39,1017,88
2188,3,3,6,87.32,2023-04-22,19,40.9251,-152.9542,Clouds,overcast clouds,286.23,1031,100
5147,8,10,10,67.05,2022-07-08,19,40.9251,-152.9542,Clouds,overcast clouds,286.23,1031,100
1285,7,27,10,76.87,2022-06-08,20,-74.5263,151.0358,Clouds,overcast clouds,229.97,999,98
5778,4,40,3,22.61,2023-01-01,4,-60.3235,-113.7356,Clouds,overcast clouds,277.83,996,87
5894,6,21,7,89.17,2022-08-09,4,-60.3235,-113.7356,Clouds,overcast clouds,277.83,996,87
9721,9,27,7,59.21,2022-07-28,13,-9.2137,-86.6914,Clouds,overcast clouds,295.86,1018,71
3888,2,8,3,11.49,2022-06-13,20,-74.5263,151.0358,Clouds,overcast clouds,229.97,999,98
1084,10,17,6,32.93,2022-06-04,18,7.8359,-139.5452,Rain,light rain,300.28,1012,85
5389,6,8,4,92.49,2022-08-11,4,-60.3235,-113.7356,Clouds,overcast clouds,277.83,996,87
1010,2,1,6,31.79,2023-01-18,20,-74.5263,151.0358,Clouds,overcast clouds,229.97,999,98
2734,2,17,8,77.01,2022-09-12,9,10.1523,39.1792,Clouds,overcast clouds,298.67,1009,30
9586,2,26,3,66.24,2022-12-30,20,-74.5263,151.0358,Clouds,overcast clouds,229.97,999,98
9726,2,13,7,22.88,2023-04-29,12,-84.197,-45.489,Clouds,few clouds,236.31,999,68
5463,3,10,1,33.89,2022-10-27,1,-78.5933,93.505,Clouds,overcast clouds,215.44,1036,100
9365,2,40,2,72.42,2023-05-12,19,40.9251,-152.9542,Clouds,overcast clouds,286.23,1031,100
